case_id,example_idx,question,metric_name,call_index,prompt,response_model,response,latency_s,prompt_tokens,completion_tokens,total_tokens,cached_tokens,reasoning_tokens,timestamp,model
F1,0,What is LLM-as-a-judge?,faithfulness_exp1,0,"Given a question and an answer, analyze the complexity of each sentence in the answer. Break down each sentence into one or more fully understandable statements. Ensure that no pronouns are used in any statement.
Please return the output in a JSON format that complies with the following schema as specified in JSON Schema:
{""description"": ""Structured output for statement generation."", ""properties"": {""statements"": {""description"": ""The generated statements from the answer"", ""items"": {""type"": ""string""}, ""title"": ""Statements"", ""type"": ""array""}}, ""required"": [""statements""], ""title"": ""StatementGeneratorOutput"", ""type"": ""object""}Do not use single quotes in your response but double quotes,properly escaped with a backslash.

--------EXAMPLES-----------
Example 1
Input: {
    ""question"": ""Who was Albert Einstein and what is he best known for?"",
    ""answer"": ""He was a German-born theoretical physicist, widely acknowledged to be one of the greatest and most influential physicists of all time. He was best known for developing the theory of relativity, he also made important contributions to the development of the theory of quantum mechanics.""
}
Output: {
    ""statements"": [
        ""Albert Einstein was a German-born theoretical physicist."",
        ""Albert Einstein is recognized as one of the greatest and most influential physicists of all time."",
        ""Albert Einstein was best known for developing the theory of relativity."",
        ""Albert Einstein made important contributions to the development of the theory of quantum mechanics.""
    ]
}
-----------------------------

Now perform the same with the following input
input: {
    ""question"": ""What is LLM-as-a-judge?"",
    ""answer"": ""LLM-as-a-judge uses a large language model to evaluate AI agent outputs as a scalable substitute for human judgment.""
}
Output: ",StatementGeneratorOutput,"statements=['LLM-as-a-judge is a system that utilizes a large language model.', 'The system is model to evaluate the outputs of AI agents.', 'The evaluation is performed as a scalable alternative for human judgment.']",0.3592,567,68,635,0,0,2026-06-05T23:19:34.645603+00:00,LLaDA2.1-mini
F1,0,What is LLM-as-a-judge?,faithfulness_exp1,1,"Your task is to judge the faithfulness of a series of statements based on a given context. For each statement you must return verdict as 1 if the statement can be directly inferred based on the context or 0 if the statement can not be directly inferred based on the context.
Please return the output in a JSON format that complies with the following schema as specified in JSON Schema:
{""$defs"": {""StatementFaithfulnessAnswer"": {""description"": ""Individual statement with reason and verdict for NLI evaluation."", ""properties"": {""statement"": {""description"": ""the original statement, word-by-word"", ""title"": ""Statement"", ""type"": ""string""}, ""reason"": {""description"": ""the reason of the verdict"", ""title"": ""Reason"", ""type"": ""string""}, ""verdict"": {""description"": ""the verdict(0/1) of the faithfulness"", ""title"": ""Verdict"", ""type"": ""integer""}}, ""required"": [""statement"", ""reason"", ""verdict""], ""title"": ""StatementFaithfulnessAnswer"", ""type"": ""object""}}, ""description"": ""Structured output for NLI statement evaluation."", ""properties"": {""statements"": {""description"": ""Evaluated statements with verdicts"", ""items"": {""$ref"": ""#/$defs/StatementFaithfulnessAnswer""}, ""title"": ""Statements"", ""type"": ""array""}}, ""required"": [""statements""], ""title"": ""NLIStatementOutput"", ""type"": ""object""}Do not use single quotes in your response but double quotes,properly escaped with a backslash.

--------EXAMPLES-----------
Example 1
Input: {
    ""context"": ""John is a student at XYZ University. He is pursuing a degree in Computer Science. He is enrolled in several courses this semester, including Data Structures, Algorithms, and Database Management. John is a diligent student and spends a significant amount of time studying and completing assignments. He often stays late in the library to work on his projects."",
    ""statements"": [
        ""John is majoring in Biology."",
        ""John is taking a course on Artificial Intelligence."",
        ""John is a dedicated student."",
        ""John has a part-time job.""
    ]
}
Output: {
    ""statements"": [
        {
            ""statement"": ""John is majoring in Biology."",
            ""reason"": ""John's major is explicitly stated as Computer Science, not Biology."",
            ""verdict"": 0
        },
        {
            ""statement"": ""John is taking a course on Artificial Intelligence."",
            ""reason"": ""The context mentions courses in Data Structures, Algorithms, and Database Management, but does not mention Artificial Intelligence."",
            ""verdict"": 0
        },
        {
            ""statement"": ""John is a dedicated student."",
            ""reason"": ""The context states that John is a diligent student who spends a significant amount of time studying and completing assignments."",
            ""verdict"": 1
        },
        {
            ""statement"": ""John has a part-time job."",
            ""reason"": ""There is no information in the context about John having a part-time job."",
            ""verdict"": 0
        }
    ]
}
-----------------------------

Now perform the same with the following input
input: {
    ""context"": ""What is LLM-as-a-judge? ----------------------- LLM-as-a-judge uses a large language model (LLM) to evaluate AI agent outputs as a scalable substitute for human judgment. Traditional NLP metrics measure surface-level text similarity. An LLM judge assesses qualities that actually matter to your users, like helpfulness, accuracy, and tone. The core idea is straightforward. You give an LLM a prompt describing what \""good\"" looks like alongside the output you want to evaluate. The model returns a score or judgment. LLMs handle evaluating text well when you give them clear criteria because it's a focused classification task, not an open-ended generation problem. These evaluators have become the practical default for teams building AI agents. Traditional metrics cannot measure whether an agent followed instructions, avoided hallucinations, or maintained the right tone across a conversation. An LLM judge assesses these qualities across thousands of traces to provide nuanced feedback that would otherwise require expensive human review."",
    ""statements"": [
        ""LLM-as-a-judge is a system that utilizes a large language model."",
        ""The system is model to evaluate the outputs of AI agents."",
        ""The evaluation is performed as a scalable alternative for human judgment.""
    ]
}
Output: ",NLIStatementOutput,"statements=[StatementFaithfulnessAnswer(statement='LLM-as-a-judge is a system that utilizes a large language model.', reason=""The context states that 'LLM-as-a-judge uses a large language model (LLM) to evaluate AI agent outputs', which aligns with the statement."", verdict=1), StatementFaithfulnessAnswer(statement='The system is used to evaluate the outputs of AI agents.', reason=""The context explicitly mentions that 'LLM-as-a-judge uses a large language model (LLM) to evaluate AI agent outputs', which supports the statement."", verdict=1), StatementFaithfulnessAnswer(statement='The evaluation is performed as a scalable alternative for human judgment.', reason=""The context calls it 'a scalable substitute for human judgment', which directly indicates a scalable alternative for the evaluation."", verdict=1)]",0.4552,1353,223,1576,0,0,2026-06-05T23:19:35.101246+00:00,LLaDA2.1-mini
F2,1,What is agent observability?,faithfulness_exp1,0,"Given a question and an answer, analyze the complexity of each sentence in the answer. Break down each sentence into one or more fully understandable statements. Ensure that no pronouns are used in any statement.
Please return the output in a JSON format that complies with the following schema as specified in JSON Schema:
{""description"": ""Structured output for statement generation."", ""properties"": {""statements"": {""description"": ""The generated statements from the answer"", ""items"": {""type"": ""string""}, ""title"": ""Statements"", ""type"": ""array""}}, ""required"": [""statements""], ""title"": ""StatementGeneratorOutput"", ""type"": ""object""}Do not use single quotes in your response but double quotes,properly escaped with a backslash.

--------EXAMPLES-----------
Example 1
Input: {
    ""question"": ""Who was Albert Einstein and what is he best known for?"",
    ""answer"": ""He was a German-born theoretical physicist, widely acknowledged to be one of the greatest and most influential physicists of all time. He was best known for developing the theory of relativity, he also made important contributions to the development of the theory of quantum mechanics.""
}
Output: {
    ""statements"": [
        ""Albert Einstein was a German-born theoretical physicist."",
        ""Albert Einstein is recognized as one of the greatest and most influential physicists of all time."",
        ""Albert Einstein was best known for developing the theory of relativity."",
        ""Albert Einstein made important contributions to the development of the theory of quantum mechanics.""
    ]
}
-----------------------------

Now perform the same with the following input
input: {
    ""question"": ""What is agent observability?"",
    ""answer"": ""Agent observability provides step-by-step visibility into execution, showing which tools were called and what data was retrieved.""
}
Output: ",StatementGeneratorOutput,"statements=['Agent observability refers to step-by-step visibility into the execution of an agent.', 'This visibility includes which tools were invoked during the execution.', 'It also covers the data that was retrieved by the invoked tools.']",0.1547,562,68,630,0,0,2026-06-05T23:19:35.256852+00:00,LLaDA2.1-mini
F2,1,What is agent observability?,faithfulness_exp1,1,"Your task is to judge the faithfulness of a series of statements based on a given context. For each statement you must return verdict as 1 if the statement can be directly inferred based on the context or 0 if the statement can not be directly inferred based on the context.
Please return the output in a JSON format that complies with the following schema as specified in JSON Schema:
{""$defs"": {""StatementFaithfulnessAnswer"": {""description"": ""Individual statement with reason and verdict for NLI evaluation."", ""properties"": {""statement"": {""description"": ""the original statement, word-by-word"", ""title"": ""Statement"", ""type"": ""string""}, ""reason"": {""description"": ""the reason of the verdict"", ""title"": ""Reason"", ""type"": ""string""}, ""verdict"": {""description"": ""the verdict(0/1) of the faithfulness"", ""title"": ""Verdict"", ""type"": ""integer""}}, ""required"": [""statement"", ""reason"", ""verdict""], ""title"": ""StatementFaithfulnessAnswer"", ""type"": ""object""}}, ""description"": ""Structured output for NLI statement evaluation."", ""properties"": {""statements"": {""description"": ""Evaluated statements with verdicts"", ""items"": {""$ref"": ""#/$defs/StatementFaithfulnessAnswer""}, ""title"": ""Statements"", ""type"": ""array""}}, ""required"": [""statements""], ""title"": ""NLIStatementOutput"", ""type"": ""object""}Do not use single quotes in your response but double quotes,properly escaped with a backslash.

--------EXAMPLES-----------
Example 1
Input: {
    ""context"": ""John is a student at XYZ University. He is pursuing a degree in Computer Science. He is enrolled in several courses this semester, including Data Structures, Algorithms, and Database Management. John is a diligent student and spends a significant amount of time studying and completing assignments. He often stays late in the library to work on his projects."",
    ""statements"": [
        ""John is majoring in Biology."",
        ""John is taking a course on Artificial Intelligence."",
        ""John is a dedicated student."",
        ""John has a part-time job.""
    ]
}
Output: {
    ""statements"": [
        {
            ""statement"": ""John is majoring in Biology."",
            ""reason"": ""John's major is explicitly stated as Computer Science, not Biology."",
            ""verdict"": 0
        },
        {
            ""statement"": ""John is taking a course on Artificial Intelligence."",
            ""reason"": ""The context mentions courses in Data Structures, Algorithms, and Database Management, but does not mention Artificial Intelligence."",
            ""verdict"": 0
        },
        {
            ""statement"": ""John is a dedicated student."",
            ""reason"": ""The context states that John is a diligent student who spends a significant amount of time studying and completing assignments."",
            ""verdict"": 1
        },
        {
            ""statement"": ""John has a part-time job."",
            ""reason"": ""There is no information in the context about John having a part-time job."",
            ""verdict"": 0
        }
    ]
}
-----------------------------

Now perform the same with the following input
input: {
    ""context"": ""What is agent observability? ---------------------------- Agent observability provides step-by-step visibility into execution. It shows which tools were called, what data was retrieved, where reasoning stayed on track, and where it diverged from the intended path. This visibility matters because AI agents are non-deterministic. Unlike traditional software, where you trace inputs through predictable logic to find a bug, the same agent input can trigger different tool sequences, retrieve different documents, and generate different responses each time. Without observability, you're left guessing why an agent failed based on its final output alone."",
    ""statements"": [
        ""Agent observability refers to step-by-step visibility into the execution of an agent."",
        ""This visibility includes which tools were invoked during the execution."",
        ""It also covers the data that was retrieved by the invoked tools.""
    ]
}
Output: ",NLIStatementOutput,"statements=[StatementFaithfulnessAnswer(statement='Agent observability refers to step-by-step visibility into the execution of an agent.', reason='The context states that agent observability provides step-by-step visibility into execution, which aligns with this statement.', verdict=1), StatementFaithfulnessAnswer(statement='This visibility includes which tools were invoked during the execution.', reason='The context mentions that agent observability shows which tools were called, which is consistent with this statement.', verdict=1), StatementFaithfulnessAnswer(statement='It also covers the data that was retrieved by the invoked tools.', reason='The context specifies that agent observability shows what data was retrieved, which directly supports this statement.', verdict=1)]",0.2686,1274,197,1471,0,0,2026-06-05T23:19:35.526387+00:00,LLaDA2.1-mini
F3,2,What is trajectory evaluation?,faithfulness_exp1,0,"Given a question and an answer, analyze the complexity of each sentence in the answer. Break down each sentence into one or more fully understandable statements. Ensure that no pronouns are used in any statement.
Please return the output in a JSON format that complies with the following schema as specified in JSON Schema:
{""description"": ""Structured output for statement generation."", ""properties"": {""statements"": {""description"": ""The generated statements from the answer"", ""items"": {""type"": ""string""}, ""title"": ""Statements"", ""type"": ""array""}}, ""required"": [""statements""], ""title"": ""StatementGeneratorOutput"", ""type"": ""object""}Do not use single quotes in your response but double quotes,properly escaped with a backslash.

--------EXAMPLES-----------
Example 1
Input: {
    ""question"": ""Who was Albert Einstein and what is he best known for?"",
    ""answer"": ""He was a German-born theoretical physicist, widely acknowledged to be one of the greatest and most influential physicists of all time. He was best known for developing the theory of relativity, he also made important contributions to the development of the theory of quantum mechanics.""
}
Output: {
    ""statements"": [
        ""Albert Einstein was a German-born theoretical physicist."",
        ""Albert Einstein is recognized as one of the greatest and most influential physicists of all time."",
        ""Albert Einstein was best known for developing the theory of relativity."",
        ""Albert Einstein made important contributions to the development of the theory of quantum mechanics.""
    ]
}
-----------------------------

Now perform the same with the following input
input: {
    ""question"": ""What is trajectory evaluation?"",
    ""answer"": ""Trajectory evaluation scores the entire execution path an AI agent takes rather than only the final output.""
}
Output: ",StatementGeneratorOutput,"statements=['Trajectory evaluation is a method used to assess the entire execution path an AI agent follows.', 'This type of evaluation considers not only the final output produced but also the steps taken to reach it.']",0.1356,558,63,621,0,0,2026-06-05T23:19:35.662261+00:00,LLaDA2.1-mini
F3,2,What is trajectory evaluation?,faithfulness_exp1,1,"Your task is to judge the faithfulness of a series of statements based on a given context. For each statement you must return verdict as 1 if the statement can be directly inferred based on the context or 0 if the statement can not be directly inferred based on the context.
Please return the output in a JSON format that complies with the following schema as specified in JSON Schema:
{""$defs"": {""StatementFaithfulnessAnswer"": {""description"": ""Individual statement with reason and verdict for NLI evaluation."", ""properties"": {""statement"": {""description"": ""the original statement, word-by-word"", ""title"": ""Statement"", ""type"": ""string""}, ""reason"": {""description"": ""the reason of the verdict"", ""title"": ""Reason"", ""type"": ""string""}, ""verdict"": {""description"": ""the verdict(0/1) of the faithfulness"", ""title"": ""Verdict"", ""type"": ""integer""}}, ""required"": [""statement"", ""reason"", ""verdict""], ""title"": ""StatementFaithfulnessAnswer"", ""type"": ""object""}}, ""description"": ""Structured output for NLI statement evaluation."", ""properties"": {""statements"": {""description"": ""Evaluated statements with verdicts"", ""items"": {""$ref"": ""#/$defs/StatementFaithfulnessAnswer""}, ""title"": ""Statements"", ""type"": ""array""}}, ""required"": [""statements""], ""title"": ""NLIStatementOutput"", ""type"": ""object""}Do not use single quotes in your response but double quotes,properly escaped with a backslash.

--------EXAMPLES-----------
Example 1
Input: {
    ""context"": ""John is a student at XYZ University. He is pursuing a degree in Computer Science. He is enrolled in several courses this semester, including Data Structures, Algorithms, and Database Management. John is a diligent student and spends a significant amount of time studying and completing assignments. He often stays late in the library to work on his projects."",
    ""statements"": [
        ""John is majoring in Biology."",
        ""John is taking a course on Artificial Intelligence."",
        ""John is a dedicated student."",
        ""John has a part-time job.""
    ]
}
Output: {
    ""statements"": [
        {
            ""statement"": ""John is majoring in Biology."",
            ""reason"": ""John's major is explicitly stated as Computer Science, not Biology."",
            ""verdict"": 0
        },
        {
            ""statement"": ""John is taking a course on Artificial Intelligence."",
            ""reason"": ""The context mentions courses in Data Structures, Algorithms, and Database Management, but does not mention Artificial Intelligence."",
            ""verdict"": 0
        },
        {
            ""statement"": ""John is a dedicated student."",
            ""reason"": ""The context states that John is a diligent student who spends a significant amount of time studying and completing assignments."",
            ""verdict"": 1
        },
        {
            ""statement"": ""John has a part-time job."",
            ""reason"": ""There is no information in the context about John having a part-time job."",
            ""verdict"": 0
        }
    ]
}
-----------------------------

Now perform the same with the following input
input: {
    ""context"": ""How to evaluate AI agent trajectories ------------------------------------- Trajectory evaluation means scoring the entire execution path an AI agent takes rather than just its final output. This includes every tool call, every intermediate reasoning step, and every turn in a multi-turn conversation. Teams building complex agent workflows need visibility into each decision point. For multi-turn agents, you evaluate whether the agent achieved the user's goal across an entire conversation. You score semantic intent, outcomes, and the agent trajectory including tool calls. The evaluation runs once a thread completes. It uses criteria that assess the full interaction rather than individual messages. This approach lets teams optimize agent behavior at each step."",
    ""statements"": [
        ""Trajectory evaluation is a method used to assess the entire execution path an AI agent follows."",
        ""This type of evaluation considers not only the final output produced but also the steps taken to reach it.""
    ]
}
Output: ",NLIStatementOutput,"statements=[StatementFaithfulnessAnswer(statement='Trajectory evaluation is a method used to assess the entire execution path an AI agent follows.', reason='The context explicitly states that trajectory evaluation means scoring the entire execution path an AI agent takes rather than just its final output.', verdict=1), StatementFaithfulnessAnswer(statement='This type of evaluation considers not only the final output produced but also the steps taken to reach it.', reason='The context indicates that trajectory evaluation includes every tool call, every intermediate reasoning step, and every turn in a multi-turn conversation.', verdict=1)]",0.4555,3382,328,3710,0,0,2026-06-05T23:19:36.118332+00:00,LLaDA2.1-mini
F1,0,What is LLM-as-a-judge?,faithfulness_exp2,0,"Your task is to judge the faithfulness of a series of statements based on a given context. For each statement you must return verdict as 1 if the statement can be directly inferred based on the context or 0 if the statement can not be directly inferred based on the context.
Please return the output in a JSON format that complies with the following schema as specified in JSON Schema:
{""$defs"": {""StatementFaithfulnessAnswer"": {""description"": ""Individual statement with reason and verdict for NLI evaluation."", ""properties"": {""statement"": {""description"": ""the original statement, word-by-word"", ""title"": ""Statement"", ""type"": ""string""}, ""reason"": {""description"": ""the reason of the verdict"", ""title"": ""Reason"", ""type"": ""string""}, ""verdict"": {""description"": ""the verdict(0/1) of the faithfulness"", ""title"": ""Verdict"", ""type"": ""integer""}}, ""required"": [""statement"", ""reason"", ""verdict""], ""title"": ""StatementFaithfulnessAnswer"", ""type"": ""object""}}, ""description"": ""Structured output for NLI statement evaluation."", ""properties"": {""statements"": {""description"": ""Evaluated statements with verdicts"", ""items"": {""$ref"": ""#/$defs/StatementFaithfulnessAnswer""}, ""title"": ""Statements"", ""type"": ""array""}}, ""required"": [""statements""], ""title"": ""NLIStatementOutput"", ""type"": ""object""}Do not use single quotes in your response but double quotes,properly escaped with a backslash.

--------EXAMPLES-----------
Example 1
Input: {
    ""context"": ""John is a student at XYZ University. He is pursuing a degree in Computer Science. He is enrolled in several courses this semester, including Data Structures, Algorithms, and Database Management. John is a diligent student and spends a significant amount of time studying and completing assignments. He often stays late in the library to work on his projects."",
    ""statements"": [
        ""John is majoring in Biology."",
        ""John is taking a course on Artificial Intelligence."",
        ""John is a dedicated student."",
        ""John has a part-time job.""
    ]
}
Output: {
    ""statements"": [
        {
            ""statement"": ""John is majoring in Biology."",
            ""reason"": ""John's major is explicitly stated as Computer Science, not Biology."",
            ""verdict"": 0
        },
        {
            ""statement"": ""John is taking a course on Artificial Intelligence."",
            ""reason"": ""The context mentions courses in Data Structures, Algorithms, and Database Management, but does not mention Artificial Intelligence."",
            ""verdict"": 0
        },
        {
            ""statement"": ""John is a dedicated student."",
            ""reason"": ""The context states that John is a diligent student who spends a significant amount of time studying and completing assignments."",
            ""verdict"": 1
        },
        {
            ""statement"": ""John has a part-time job."",
            ""reason"": ""There is no information in the context about John having a part-time job."",
            ""verdict"": 0
        }
    ]
}
-----------------------------

Now perform the same with the following input
input: {
    ""context"": ""What is LLM-as-a-judge? ----------------------- LLM-as-a-judge uses a large language model (LLM) to evaluate AI agent outputs as a scalable substitute for human judgment. Traditional NLP metrics measure surface-level text similarity. An LLM judge assesses qualities that actually matter to your users, like helpfulness, accuracy, and tone. The core idea is straightforward. You give an LLM a prompt describing what \""good\"" looks like alongside the output you want to evaluate. The model returns a score or judgment. LLMs handle evaluating text well when you give them clear criteria because it's a focused classification task, not an open-ended generation problem. These evaluators have become the practical default for teams building AI agents. Traditional metrics cannot measure whether an agent followed instructions, avoided hallucinations, or maintained the right tone across a conversation. An LLM judge assesses these qualities across thousands of traces to provide nuanced feedback that would otherwise require expensive human review."",
    ""statements"": [
        ""LLM-as-a-judge uses a large language model."",
        ""LLM-as-a-judge evaluates AI agent outputs."",
        ""LLM-as-a-judge serves as a scalable substitute for human judgment.""
    ]
}
Output: ",NLIStatementOutput,"statements=[StatementFaithfulnessAnswer(statement='LLM-as-a-judge uses a large language model.', reason='The context explicitly states that LLM-as-a-judge uses a large language model (LLM).', verdict=1), StatementFaithfulnessAnswer(statement='LLM-as-a-judge evaluates AI agent outputs.', reason='The context states that LLM-as-a-judge uses a large language model (LLM) to evaluate AI agent outputs.', verdict=1), StatementFaithfulnessAnswer(statement='LLM-as-a-judge serves as a scalable substitute for human judgment.', reason='The context mentions that LLM-as-a-judge serves as a scalable substitute for human judgment.', verdict=1)]",0.1606,1351,200,1551,0,0,2026-06-05T23:19:36.281680+00:00,LLaDA2.1-mini
F2,1,What is agent observability?,faithfulness_exp2,0,"Your task is to judge the faithfulness of a series of statements based on a given context. For each statement you must return verdict as 1 if the statement can be directly inferred based on the context or 0 if the statement can not be directly inferred based on the context.
Please return the output in a JSON format that complies with the following schema as specified in JSON Schema:
{""$defs"": {""StatementFaithfulnessAnswer"": {""description"": ""Individual statement with reason and verdict for NLI evaluation."", ""properties"": {""statement"": {""description"": ""the original statement, word-by-word"", ""title"": ""Statement"", ""type"": ""string""}, ""reason"": {""description"": ""the reason of the verdict"", ""title"": ""Reason"", ""type"": ""string""}, ""verdict"": {""description"": ""the verdict(0/1) of the faithfulness"", ""title"": ""Verdict"", ""type"": ""integer""}}, ""required"": [""statement"", ""reason"", ""verdict""], ""title"": ""StatementFaithfulnessAnswer"", ""type"": ""object""}}, ""description"": ""Structured output for NLI statement evaluation."", ""properties"": {""statements"": {""description"": ""Evaluated statements with verdicts"", ""items"": {""$ref"": ""#/$defs/StatementFaithfulnessAnswer""}, ""title"": ""Statements"", ""type"": ""array""}}, ""required"": [""statements""], ""title"": ""NLIStatementOutput"", ""type"": ""object""}Do not use single quotes in your response but double quotes,properly escaped with a backslash.

--------EXAMPLES-----------
Example 1
Input: {
    ""context"": ""John is a student at XYZ University. He is pursuing a degree in Computer Science. He is enrolled in several courses this semester, including Data Structures, Algorithms, and Database Management. John is a diligent student and spends a significant amount of time studying and completing assignments. He often stays late in the library to work on his projects."",
    ""statements"": [
        ""John is majoring in Biology."",
        ""John is taking a course on Artificial Intelligence."",
        ""John is a dedicated student."",
        ""John has a part-time job.""
    ]
}
Output: {
    ""statements"": [
        {
            ""statement"": ""John is majoring in Biology."",
            ""reason"": ""John's major is explicitly stated as Computer Science, not Biology."",
            ""verdict"": 0
        },
        {
            ""statement"": ""John is taking a course on Artificial Intelligence."",
            ""reason"": ""The context mentions courses in Data Structures, Algorithms, and Database Management, but does not mention Artificial Intelligence."",
            ""verdict"": 0
        },
        {
            ""statement"": ""John is a dedicated student."",
            ""reason"": ""The context states that John is a diligent student who spends a significant amount of time studying and completing assignments."",
            ""verdict"": 1
        },
        {
            ""statement"": ""John has a part-time job."",
            ""reason"": ""There is no information in the context about John having a part-time job."",
            ""verdict"": 0
        }
    ]
}
-----------------------------

Now perform the same with the following input
input: {
    ""context"": ""What is agent observability? ---------------------------- Agent observability provides step-by-step visibility into execution. It shows which tools were called, what data was retrieved, where reasoning stayed on track, and where it diverged from the intended path. This visibility matters because AI agents are non-deterministic. Unlike traditional software, where you trace inputs through predictable logic to find a bug, the same agent input can trigger different tool sequences, retrieve different documents, and generate different responses each time. Without observability, you're left guessing why an agent failed based on its final output alone."",
    ""statements"": [
        ""Agent observability provides step-by-step visibility into execution."",
        ""Agent observability shows which tools were called."",
        ""Agent observability shows what data was retrieved.""
    ]
}
Output: ",NLIStatementOutput,"statements=[StatementFaithfulnessAnswer(statement='Agent observability provides step-by-step visibility into execution.', reason=""The context explicitly states that 'Agent observability provides step-by-step visibility into execution.'"", verdict=1), StatementFaithfulnessAnswer(statement='Agent observability shows which tools were called.', reason=""The context mentions that 'It shows which tools were called...'."", verdict=1), StatementFaithfulnessAnswer(statement='Agent observability shows what data was retrieved.', reason=""The context states that 'It shows what data was retrieved...'."", verdict=1)]",0.1578,1263,172,1435,0,0,2026-06-05T23:19:36.441526+00:00,LLaDA2.1-mini
F3,2,What is trajectory evaluation?,faithfulness_exp2,0,"Your task is to judge the faithfulness of a series of statements based on a given context. For each statement you must return verdict as 1 if the statement can be directly inferred based on the context or 0 if the statement can not be directly inferred based on the context.
Please return the output in a JSON format that complies with the following schema as specified in JSON Schema:
{""$defs"": {""StatementFaithfulnessAnswer"": {""description"": ""Individual statement with reason and verdict for NLI evaluation."", ""properties"": {""statement"": {""description"": ""the original statement, word-by-word"", ""title"": ""Statement"", ""type"": ""string""}, ""reason"": {""description"": ""the reason of the verdict"", ""title"": ""Reason"", ""type"": ""string""}, ""verdict"": {""description"": ""the verdict(0/1) of the faithfulness"", ""title"": ""Verdict"", ""type"": ""integer""}}, ""required"": [""statement"", ""reason"", ""verdict""], ""title"": ""StatementFaithfulnessAnswer"", ""type"": ""object""}}, ""description"": ""Structured output for NLI statement evaluation."", ""properties"": {""statements"": {""description"": ""Evaluated statements with verdicts"", ""items"": {""$ref"": ""#/$defs/StatementFaithfulnessAnswer""}, ""title"": ""Statements"", ""type"": ""array""}}, ""required"": [""statements""], ""title"": ""NLIStatementOutput"", ""type"": ""object""}Do not use single quotes in your response but double quotes,properly escaped with a backslash.

--------EXAMPLES-----------
Example 1
Input: {
    ""context"": ""John is a student at XYZ University. He is pursuing a degree in Computer Science. He is enrolled in several courses this semester, including Data Structures, Algorithms, and Database Management. John is a diligent student and spends a significant amount of time studying and completing assignments. He often stays late in the library to work on his projects."",
    ""statements"": [
        ""John is majoring in Biology."",
        ""John is taking a course on Artificial Intelligence."",
        ""John is a dedicated student."",
        ""John has a part-time job.""
    ]
}
Output: {
    ""statements"": [
        {
            ""statement"": ""John is majoring in Biology."",
            ""reason"": ""John's major is explicitly stated as Computer Science, not Biology."",
            ""verdict"": 0
        },
        {
            ""statement"": ""John is taking a course on Artificial Intelligence."",
            ""reason"": ""The context mentions courses in Data Structures, Algorithms, and Database Management, but does not mention Artificial Intelligence."",
            ""verdict"": 0
        },
        {
            ""statement"": ""John is a dedicated student."",
            ""reason"": ""The context states that John is a diligent student who spends a significant amount of time studying and completing assignments."",
            ""verdict"": 1
        },
        {
            ""statement"": ""John has a part-time job."",
            ""reason"": ""There is no information in the context about John having a part-time job."",
            ""verdict"": 0
        }
    ]
}
-----------------------------

Now perform the same with the following input
input: {
    ""context"": ""How to evaluate AI agent trajectories ------------------------------------- Trajectory evaluation means scoring the entire execution path an AI agent takes rather than just its final output. This includes every tool call, every intermediate reasoning step, and every turn in a multi-turn conversation. Teams building complex agent workflows need visibility into each decision point. For multi-turn agents, you evaluate whether the agent achieved the user's goal across an entire conversation. You score semantic intent, outcomes, and the agent trajectory including tool calls. The evaluation runs once a thread completes. It uses criteria that assess the full interaction rather than individual messages. This approach lets teams optimize agent behavior at each step."",
    ""statements"": [
        ""Trajectory evaluation scores the entire execution path of an AI agent."",
        ""Trajectory evaluation evaluates more than just the final output.""
    ]
}
Output: ",NLIStatementOutput,"statements=[StatementFaithfulnessAnswer(statement='Trajectory evaluation scores the entire execution path of an AI agent.', reason='The context explicitly states that trajectory evaluation means scoring the entire execution path an AI agent takes rather than just its final output.', verdict=1), StatementFaithfulnessAnswer(statement='Trajectory evaluation evaluates more than just the final output.', reason='The context mentions that trajectory evaluation includes every tool call, every intermediate reasoning step, and every turn in a multi-turn conversation, indicating it goes beyond just the final output.', verdict=1)]",0.1776,1268,153,1421,0,0,2026-06-05T23:19:36.619946+00:00,LLaDA2.1-mini
